[{"who":"undefined","item":"Test1","date":"1970-01-01T00:00:00.000Z","where":"undefined","status":2},{"who":"undefined","item":"Test1","date":"1970-01-01T00:00:00.000Z","where":"undefined","status":2},{"who":"undefined","item":"Test1","date":"1970-01-01T00:00:00.000Z","where":"undefined","status":2},{"who":"undefined","item":"Test1","date":"1970-01-01T00:00:00.000Z","where":"undefined","status":2},{"who":"undefined","item":"Test1","date":"1970-01-01T00:00:00.000Z","where":"undefined","status":2},{"who":"undefined","item":"Test1","date":"1970-01-01T00:00:00.000Z","where":"undefined","status":2},{"who":"undefined","item":"Test1","date":"1970-01-01T00:00:00.000Z","where":"undefined","status":2},{"who":"undefined","item":"Test1","date":"1970-01-01T00:00:00.000Z","where":"undefined","status":2},{"who":"undefined","item":"Test1","date":"1970-01-01T00:00:00.000Z","where":"undefined","status":2},{"who":"undefined","item":"Test1","date":"1970-04-01T00:00:00.000Z","where":"Test1","status":2},{"who":"undefined","item":"Test1","date":"1970-01-01T00:00:00.000Z","where":"undefined","status":2},{"who":"undefined","item":"212","date":"1970-01-01T00:00:00.000Z","where":"undefined","status":2},{"who":"434","item":"43434ff","date":"2023-01-15T00:00:00.000Z","where":"43434ff","status":2},{"who":"434","item":"Hallo","date":"2023-01-15T00:00:00.000Z","where":"Hallo","status":2},{"who":"dsds","item":"Hallo","date":"2023-01-15T00:00:00.000Z","where":"Hier!!!","status":2},{"who":"dssd","item":"2323","date":"2023-01-15T00:00:00.000Z","where":"2323","status":2},{"who":"Frank","item":"Pilze","date":"2023-01-15T00:00:00.000Z","where":"Rewe","status":2},{"who":"Karl","item":"Tomaten","date":"2023-01-20T00:00:00.000Z","where":"Kaufland","status":2},{"who":"Sabine","item":"Käse","date":"2023-01-23T00:00:00.000Z","where":"Tegut","status":2},{"who":"Friedrich","item":"Wein","date":"2023-02-23T00:00:00.000Z","where":"Winze Paulus","status":2},{"who":"Sabine","item":"Käse","date":"2023-01-17T00:00:00.000Z","where":"Tegut","status":2},{"who":"Monty","item":"Birnen","date":"2023-01-15T00:00:00.000Z","where":"REWE","status":2},{"who":"Finn","item":"Baba locken","date":"2023-01-15T00:00:00.000Z","where":"REWE","status":1},{"who":"qaweem","item":"Gold","date":"2023-01-15T00:00:00.000Z","where":"Diezenbach","status":1},{"who":"Guerkan","item":"gurke","date":"2023-01-15T00:00:00.000Z","where":"aldi","status":1},{"who":"Eike","item":"Alkohol","date":"2023-01-15T00:00:00.000Z","where":"Frankfurt","status":1}]